TDSFU Daily run: Mon Oct 27 13:39:00 UTC 2025 TDSFU
TDSFU Daily run: Tue Oct 28 04:35:14 UTC 2025 TDSFU
TDSFU Daily run: Wed Oct 29 04:40:14 UTC 2025 TDSFU
TDSFU Daily run: Thu Oct 30 04:34:49 UTC 2025 TDSFU
TDSFU Daily run: Fri Oct 31 04:36:32 UTC 2025 TDSFU
TDSFU Daily run: Sat Nov  1 04:32:14 UTC 2025 TDSFU
TDSFU Daily run: Sun Nov  2 04:34:49 UTC 2025 TDSFU
TDSFU Daily run: Mon Nov  3 04:40:54 UTC 2025 TDSFU
TDSFU Daily run: Tue Nov  4 04:35:05 UTC 2025 TDSFU
TDSFU Daily run: Wed Nov  5 04:35:30 UTC 2025 TDSFU
TDSFU Daily run: Thu Nov  6 04:40:48 UTC 2025 TDSFU
TDSFU Daily run: Fri Nov  7 04:34:58 UTC 2025 TDSFU
